epoch,time,train/box_loss,train/cls_loss,train/dfl_loss,metrics/precision(B),metrics/recall(B),metrics/mAP50(B),metrics/mAP50-95(B),val/box_loss,val/cls_loss,val/dfl_loss,lr/pg0,lr/pg1,lr/pg2
1,10.926,3.54547,4.9245,2.31721,0,0,0,0,2.87466,4.49282,2.15026,6.363e-05,6.363e-05,6.363e-05
2,17.9276,2.82504,4.75053,2.0273,0,0,0,0,2.31337,4.41622,1.84152,0.000132975,0.000132975,0.000132975
3,25.6734,2.54162,4.50623,1.75028,0.00134,0.07143,0.01419,0.0035,2.16336,4.37676,1.67639,0.000198721,0.000198721,0.000198721
4,33.4079,2.00938,4.27974,1.41893,0.00193,0.14286,0.04377,0.01287,2.05952,4.30509,1.54075,0.000260867,0.000260867,0.000260867
5,41.2226,1.85908,4.06051,1.29437,0.00173,0.14286,0.02689,0.00723,1.74534,4.1785,1.29279,0.000319414,0.000319414,0.000319414
6,49.0148,1.72658,3.78351,1.22272,0.00655,0.25,0.0181,0.00466,1.59436,4.06615,1.17533,0.00037436,0.00037436,0.00037436
7,56.8838,1.62123,3.51051,1.16268,0.00296,0.25,0.02371,0.0111,1.49921,3.94846,1.14775,0.000425707,0.000425707,0.000425707
8,64.443,1.53611,3.38439,1.1412,0.00609,0.32143,0.12758,0.03107,1.44866,3.70721,1.12866,0.000473455,0.000473455,0.000473455
9,72.2849,1.74573,3.19209,1.18205,0.85714,0.06129,0.36949,0.21576,1.43402,3.36218,1.14112,0.000517603,0.000517603,0.000517603
10,82.7601,1.56479,2.87149,1.10845,0.85714,0.06129,0.36949,0.21576,1.43402,3.36218,1.14112,0.000558151,0.000558151,0.000558151
11,93.1437,1.60933,2.70907,1.1138,0.84223,0.10714,0.45073,0.22212,1.56536,3.05418,1.17037,0.0005951,0.0005951,0.0005951
12,101.85,1.51388,2.46463,1.06546,0.84223,0.10714,0.45073,0.22212,1.56536,3.05418,1.17037,0.000628449,0.000628449,0.000628449
13,109.84,1.52763,2.47905,1.07779,0.16501,0.78571,0.46259,0.23809,1.5206,3.08915,1.21548,0.000639027,0.000639027,0.000639027
14,117.347,1.52715,2.25364,1.0634,0.16501,0.78571,0.46259,0.23809,1.5206,3.08915,1.21548,0.000616529,0.000616529,0.000616529
15,124.703,1.49857,2.56268,1.12822,0.7825,0.25,0.38499,0.18168,1.55634,2.98355,1.26804,0.000594031,0.000594031,0.000594031
16,131.829,1.54894,2.11019,1.10859,0.7825,0.25,0.38499,0.18168,1.55634,2.98355,1.26804,0.000571534,0.000571534,0.000571534
17,139.21,1.35832,2.21297,1.07184,0.62397,0.42857,0.50455,0.25198,1.54657,2.84026,1.24968,0.000549036,0.000549036,0.000549036
18,146.551,1.51966,1.97643,1.05091,0.62397,0.42857,0.50455,0.25198,1.54657,2.84026,1.24968,0.000526538,0.000526538,0.000526538
19,153.966,1.4432,2.0031,1.08344,0.54269,0.79103,0.67583,0.38204,1.40559,1.97909,1.15973,0.00050404,0.00050404,0.00050404
20,161.275,1.42676,1.84525,1.06783,0.54269,0.79103,0.67583,0.38204,1.40559,1.97909,1.15973,0.000481543,0.000481543,0.000481543
21,168.643,1.49152,1.89616,1.04836,0.65504,0.81625,0.75827,0.47051,1.32572,1.34731,1.12068,0.000459045,0.000459045,0.000459045
22,175.972,1.45655,1.78007,1.06167,0.65504,0.81625,0.75827,0.47051,1.32572,1.34731,1.12068,0.000436547,0.000436547,0.000436547
23,183.376,1.37828,1.71914,1.06534,0.51834,0.89286,0.78164,0.49591,1.29011,1.27271,1.09948,0.000414049,0.000414049,0.000414049
24,190.709,1.4073,1.80806,1.06859,0.51834,0.89286,0.78164,0.49591,1.29011,1.27271,1.09948,0.000391552,0.000391552,0.000391552
25,197.904,1.44307,1.77128,1.0634,0.59252,0.90794,0.82056,0.51273,1.26142,1.19698,1.08731,0.000369054,0.000369054,0.000369054
26,205.258,1.32988,1.60454,1.02137,0.59252,0.90794,0.82056,0.51273,1.26142,1.19698,1.08731,0.000346556,0.000346556,0.000346556
27,212.736,1.41053,1.64211,1.0393,0.59404,0.92164,0.83933,0.52396,1.24621,1.18262,1.08529,0.000324058,0.000324058,0.000324058
28,220.063,1.33215,1.60861,1.03382,0.59404,0.92164,0.83933,0.52396,1.24621,1.18262,1.08529,0.000301561,0.000301561,0.000301561
29,227.531,1.30853,1.62574,1.04342,0.65436,0.88117,0.84188,0.51961,1.27924,1.14952,1.08516,0.000279063,0.000279063,0.000279063
30,234.763,1.42683,1.64511,1.02864,0.65436,0.88117,0.84188,0.51961,1.27924,1.14952,1.08516,0.000256565,0.000256565,0.000256565
31,289.677,1.2457,1.50821,1.0531,0.7353,0.94669,0.88541,0.55783,1.25489,1.12784,1.06165,0.000234068,0.000234068,0.000234068
32,297.253,1.19581,1.54497,1.0303,0.7353,0.94669,0.88541,0.55783,1.25489,1.12784,1.06165,0.00021157,0.00021157,0.00021157
33,304.609,1.22589,1.5925,1.04658,0.79124,0.93248,0.89969,0.54731,1.31216,1.13698,1.07277,0.000189072,0.000189072,0.000189072
34,311.99,1.22419,1.50514,1.04962,0.79124,0.93248,0.89969,0.54731,1.31216,1.13698,1.07277,0.000166574,0.000166574,0.000166574
35,319.197,1.2164,1.49285,1.03147,0.7449,0.93471,0.90449,0.54178,1.32625,1.14456,1.0814,0.000144077,0.000144077,0.000144077
36,326.476,1.28891,1.64755,0.99256,0.7449,0.93471,0.90449,0.54178,1.32625,1.14456,1.0814,0.000121579,0.000121579,0.000121579
37,333.654,1.21844,1.44249,1.02625,0.7369,0.92253,0.90789,0.55056,1.32152,1.12493,1.09317,9.9081e-05,9.9081e-05,9.9081e-05
38,340.754,1.26862,1.51727,1.03055,0.7369,0.92253,0.90789,0.55056,1.32152,1.12493,1.09317,7.65832e-05,7.65832e-05,7.65832e-05
39,348.071,1.24218,1.45096,1.00867,0.74885,0.91373,0.92218,0.57087,1.27504,1.10746,1.08074,5.40855e-05,5.40855e-05,5.40855e-05
40,355.52,1.31403,1.62376,1.03223,0.74885,0.91373,0.92218,0.57087,1.27504,1.10746,1.08074,3.15878e-05,3.15878e-05,3.15878e-05
